<?xml version="1.0" encoding="UTF-8" ?>
<!DOCTYPE mapper PUBLIC "-//mybatis.org//DTD Mapper 3.0//EN" "http://mybatis.org/dtd/mybatis-3-mapper.dtd" >

<mapper namespace="com.yum.mc.mapper.MenuComputeMapper">
    <select id="selectSubStoreTypeList_BK" resultType="java.util.Map">
        SELECT
        A.A_STORE_CODE as store_Code, A.A_BRAND_CODE as brand_Code
        FROM tableA A
        WHERE
        A.A_STORE_CODE = #{storeCode}
    </select>

    <select id="selectAllConvertRate_old" resultType="java.util.Map">
        select `type`,entry,pay, rate,ts
        from t_conv_rate
        where ts > (
            SELECT FROM_UNIXTIME(max(data_time))
            from sample_dataset
            )
        AND `type` not in (1,3,5,14) and ts > DATE_SUB(now(), INTERVAL 18 DAY) order by ts desc
    </select>
    <select id="selectPredictData" resultType="java.util.Map">
        select * from ( (SELECT type,rate,ts from t_conv_rate where `type`=#{type, jdbcType=INTEGER} and ts <![CDATA[ <= ]]> DATE_FORMAT(DATE_SUB(#{ts, jdbcType=TIMESTAMP},INTERVAL 165 HOUR),'%Y-%m-%d %H:%i:%S') order by ts desc limit 0,361)
            union
            (SELECT type,rate,ts from t_conv_rate where `type`=#{type, jdbcType=INTEGER} and ts <![CDATA[ <= ]]> DATE_FORMAT(DATE_SUB(#{ts, jdbcType=TIMESTAMP},INTERVAL 21 HOUR),'%Y-%m-%d %H:%i:%S') order by ts desc limit 0,361)
            union
            (select type,rate,ts from t_conv_rate where `type`=#{type, jdbcType=INTEGER} and ts <![CDATA[ <= ]]> #{ts, jdbcType=TIMESTAMP} order by ts desc limit 0,181) ) as d order by d.ts
    </select>
    <select id="selectAllConvertRate" resultType="java.util.Map">
        select `type`, entry, pay, rate, ts
        from t_conv_rate as cr
        where cr.ts <![CDATA[  > ]]> (
        SELECT
        CASE
        when   TIMESTAMPDIFF(DAY, cr.ts, FROM_UNIXTIME(max(sd.data_time), '%Y-%m-%d %H:%i:%S'))  <![CDATA[ <  ]]>  9
        then DATE_SUB(FROM_UNIXTIME(max(sd.data_time), '%Y-%m-%d %H:%i:%S'), INTERVAL (9-TIMESTAMPDIFF(DAY, cr.ts, FROM_UNIXTIME(max(sd.data_time), '%Y-%m-%d %H:%i:%S'))) DAY)
        else
        FROM_UNIXTIME(1577811600, '%Y-%m-%d %H:%i:%S')
        END
        from sample_dataset as sd
        )
        AND `type` = #{type} order by ts asc
    </select>

    <select id="selectNegative3sigmaConvertRate" resultType="java.util.Map">
        select type, label, rate, ts
        from `3sigma_neg` as cr
        where cr.ts   > FROM_UNIXTIME(1618243200, '%Y-%m-%d %H:%i:%S')
        AND `type` = #{type} order by ts asc

    </select>

    <select id="selectNegativeDupgdConvertRate" resultType="java.util.Map">
        select type, label, rate, ts
        from `dupgd_neg` as cr
        where cr.ts   > FROM_UNIXTIME(1618243200, '%Y-%m-%d %H:%i:%S')
        AND `type` = #{type} order by ts asc
    </select>

    <select id="selectNegativeFluxConvertRate" resultType="java.util.Map">
        select type, label, rate, ts
        from `flux_neg` as cr
        where cr.ts   > FROM_UNIXTIME(1618243200, '%Y-%m-%d %H:%i:%S')
        AND `type` = #{type} order by ts asc
    </select>

    <select id="selectNegativeMissingConvertRate" resultType="java.util.Map">
        select type, label, rate, ts
        from `missing_neg` as cr
        where cr.ts   > FROM_UNIXTIME(1618243200, '%Y-%m-%d %H:%i:%S')
        AND `type` = #{type} order by ts asc
    </select>

    <insert id="insertConvRateData" parameterType="com.yum.mc.entity.ConvRateEntity">
        insert into t_conv_rate (type, entry, pay, rate, ts)
        values (#{type, jdbcType=INTEGER}, #{entry, jdbcType=INTEGER},
                #{pay, jdbcType=INTEGER}, #{rate, jdbcType=DOUBLE},
                #{ts, jdbcType=TIMESTAMP})
    </insert>
    <insert id="insertSampleDataset" parameterType="com.yum.mc.entity.SampleDatasetEntity">
        INSERT INTO
        sample_dataset(view_id, view_name, attr_name, attr_id,
                        source, train_or_test, positive_or_negative,
                        window, data_time, data_c, data_b, data_a, anomaly_id,update_time,label_neg,data_time_neg)
        values (
            #{viewId, jdbcType=VARCHAR}, #{viewName, jdbcType=VARCHAR},
            #{attrName, jdbcType=VARCHAR}, #{attrId, jdbcType=VARCHAR},
            #{source, jdbcType=VARCHAR},#{trainOrTest, jdbcType=VARCHAR},
            #{positiveOrNegative, jdbcType=VARCHAR},#{window, jdbcType=INTEGER},
            #{dataTime, jdbcType=INTEGER},#{dataC, jdbcType=VARCHAR},
            #{dataB, jdbcType=VARCHAR},#{dataA, jdbcType=VARCHAR},
            #{anomalyId, jdbcType=VARCHAR},#{updateDateTime,jdbcType=TIMESTAMP},
            #{labelNeg, jdbcType=INTEGER},#{dataTimeNeg, jdbcType=INTEGER}
        )
    </insert>

<!--    <select id="selectKeyMealDaypart1" resultType="java.util.Map">-->
<!--        select ma.*, mb.*, mc.* from-->
<!--        (-->
<!--        select  A1.A_KEY_ID,A_SCOPE_ID,A1.A_BRAND_CODE,A.A_STORE_CODE &#45;&#45;,SUB_SCOPE_CODE,BOH_OPS_MARKET_CODE-->
<!--        from mc.tableA A ,mc.tableA1 A1-->
<!--        WHERE A.A_BRAND_CODE=A1.A_BRAND_CODE-->
<!--        AND (A1.A_SUB_scope_code='000000' OR A1.A_SUB_SCOPE_CODE='' OR A1.A_SUB_SCOPE_CODE IS NULL OR  A.A_BOH_OPS_MARKET_CODE = A1.A_SUB_SCOPE_CODE)-->
<!--        AND A.A_STORE_CODE = #{storeCode}-->
<!--        intersect-->
<!--        select A2.A_KEY_ID,A_SCOPE_ID,A2.A_BRAND_CODE ,A.A_STORE_CODE&#45;&#45;,SUB_SCOPE_CODE,regionalism_code-->
<!--        from mc.tableA A ,mc.tableA2 A2-->
<!--        WHERE A.A_BRAND_CODE=A2.A_BRAND_CODE-->
<!--        AND (A2.A_SUB_scope_code='000000' OR A2.A_SUB_scope_code='' OR A2.A_SUB_scope_code is null or starts_with(A.A_regionalism_code, A2.A_SUB_SCOPE_CODE))-->
<!--        and A.A_STORE_CODE = #{storeCode}-->
<!--        intersect-->
<!--        select A2.A_KEY_ID,A_SCOPE_ID,A2.A_BRAND_CODE ,A.A_STORE_CODE&#45;&#45;,SUB_SCOPE_CODE,regionalism_code-->
<!--        from mc.tableA A ,mc.tableA2 A2-->
<!--        WHERE A.A_BRAND_CODE=A2.A_BRAND_CODE-->
<!--        AND (A2.A_SUB_scope_code='000000' OR A2.A_SUB_scope_code='' OR A2.A_SUB_scope_code is null or starts_with(A.A_regionalism_code, A2.A_SUB_SCOPE_CODE))-->
<!--        and A.A_STORE_CODE = #{storeCode}-->
<!--        INTERSECT-->
<!--        select A3.A_KEY_ID,A_SCOPE_ID,A3.A_BRAND_CODE ,A.A_STORE_CODE-->
<!--        from mc.tableA A ,mc.tableA3 A3-->
<!--        WHERE A.A_BRAND_CODE=A3.A_BRAND_CODE-->
<!--        AND A.A_STORE_CODE = #{storeCode}-->
<!--        ) ma-->
<!--        left join-->
<!--        (-->
<!--        select  c.A_STORE_CODE,a.A_key_id,CONCAT(group_concat(A_START_TIME_WITH_DAYPART),group_concat(A_END_TIME_WITH_DAYPART)) as dayPart-->
<!--        from StoreDaypartMealWithTemplate c,-->
<!--        KeyExtAttributeValue a,-->
<!--        KeyExtAttribute b-->
<!--        where b.A_guid = a.A_key_ext_attr_id and A_EXT_ATTR_NAME ='Daypart_Info'-->
<!--        and instr(c.A_DAYPART_CODE, a.A_ATTR_VALUE)>0 and c.A_STORE_CODE = #{storeCode} group by c.A_STORE_CODE,a.A_key_id-->
<!--        ) mb-->
<!--        on ma.A_STORE_CODE = mb.A_STORE_CODE-->
<!--        and ma.A_KEY_ID = mb.A_key_id-->
<!--        left join-->
<!--        (-->
<!--        select  b.A_store_code, a.A_fk_guid, group_concat(A_PRICE) as price-->
<!--        from KeyPriceInfo  a, StoreMenuInfo as  b-->
<!--        where a.A_PRICE_TYPE_ID=b.A_PRICE_TYPE_CODE and b.A_store_code=#{storeCode} group by b.A_store_code, a.A_fk_guid-->
<!--        ) mc-->
<!--        on ma.A_STORE_CODE = mc.A_store_code-->
<!--        and ma.A_KEY_ID = mc.A_fk_guid-->
<!--    </select>-->

<!--    <select id="selectKeyMealDaypart2" resultType="java.util.Map">-->
<!--        select mab.A_STORE_CODE,mab.A_key_id, mab.A_PRICE, CONCAT(group_concat(c.A_START_TIME_WITH_DAYPART),group_concat(c.A_END_TIME_WITH_DAYPART)) as dayPart from (-->
<!--        select ma.*, mb.A_ATTR_VALUE, mp.A_PRICE from-->
<!--        (-->
<!--        select  A1.A_KEY_ID,A_SCOPE_ID,A1.A_BRAND_CODE,A.A_STORE_CODE &#45;&#45;,SUB_SCOPE_CODE,BOH_OPS_MARKET_CODE-->
<!--        from mc.tableA A ,mc.tableA1 A1-->
<!--        WHERE A.A_BRAND_CODE=A1.A_BRAND_CODE-->
<!--        AND (A1.A_SUB_scope_code='000000' OR A1.A_SUB_SCOPE_CODE='' OR A1.A_SUB_SCOPE_CODE IS NULL OR  A.A_BOH_OPS_MARKET_CODE = A1.A_SUB_SCOPE_CODE)-->
<!--        &#45;&#45;and key_id='f428126d-164d-464f-85b5-8338ba03c38c'-->
<!--        AND A.A_STORE_CODE = #{storeCode}-->

<!--        intersect-->

<!--        select A2.A_KEY_ID,A_SCOPE_ID,A2.A_BRAND_CODE ,A.A_STORE_CODE&#45;&#45;,SUB_SCOPE_CODE,regionalism_code-->
<!--        from mc.tableA A ,mc.tableA2 A2-->
<!--        WHERE A.A_BRAND_CODE=A2.A_BRAND_CODE-->
<!--        AND (A2.A_SUB_scope_code='000000' OR A2.A_SUB_scope_code='' OR A2.A_SUB_scope_code is null or starts_with(A.A_regionalism_code, A2.A_SUB_SCOPE_CODE))-->
<!--        &#45;&#45;and key_id='f428126d-164d-464f-85b5-8338ba03c38c'-->
<!--        and A.A_STORE_CODE=#{storeCode}-->

<!--        intersect-->

<!--        select A2.A_KEY_ID,A_SCOPE_ID,A2.A_BRAND_CODE ,A.A_STORE_CODE&#45;&#45;,SUB_SCOPE_CODE,regionalism_code-->
<!--        from mc.tableA A ,mc.tableA2 A2-->
<!--        WHERE A.A_BRAND_CODE=A2.A_BRAND_CODE-->
<!--        AND (A2.A_SUB_scope_code='000000' OR A2.A_SUB_scope_code='' OR A2.A_SUB_scope_code is null or starts_with(A.A_regionalism_code, A2.A_SUB_SCOPE_CODE))-->
<!--        &#45;&#45;and key_id='f428126d-164d-464f-85b5-8338ba03c38c'-->
<!--        and A.A_STORE_CODE=#{storeCode}-->

<!--        INTERSECT-->

<!--        select A3.A_KEY_ID,A_SCOPE_ID,A3.A_BRAND_CODE ,A.A_STORE_CODE-->
<!--        from mc.tableA A ,mc.tableA3 A3-->
<!--        WHERE A.A_BRAND_CODE=A3.A_BRAND_CODE-->
<!--        AND A.A_STORE_CODE=#{storeCode}) ma-->

<!--        left join (select  b.A_store_code,a.A_fk_guid, A_PRICE-->
<!--        from KeyPriceInfo  a, StoreMenuInfo as  b-->
<!--        where a.A_PRICE_TYPE_ID=b.A_PRICE_TYPE_CODE and b.A_store_code=#{storeCode}) mp-->
<!--        on ma.A_STORE_CODE = mp.A_store_code AND ma.A_KEY_ID = mp.A_fk_guid-->

<!--        left join-->

<!--        (select a.A_key_id, A_ATTR_VALUE-->
<!--        from KeyExtAttributeValue a,-->
<!--        KeyExtAttribute b-->
<!--        where b.A_guid = a.A_key_ext_attr_id and A_EXT_ATTR_NAME ='Daypart_Info'-->
<!--        ) mb-->
<!--        on ma.A_KEY_ID = mb.A_key_id-->
<!--        ) mab-->

<!--        left join StoreDaypartMealWithTemplate c-->
<!--        on c.A_STORE_CODE=#{storeCode} and c.A_STORE_CODE = mab.A_STORE_CODE-->
<!--        and instr(c.A_DAYPART_CODE, mab.A_ATTR_VALUE)>0-->
<!--        group by mab.A_STORE_CODE, mab.A_key_id, mab.A_PRICE;-->
<!--    </select>-->

<!--    <select id="selectKeyMealDaypart11" resultType="java.util.Map">-->
<!--        select ma.*, mb.day_part,mc.A_price-->
<!--        from-->
<!--        (-->
<!--        select  A1.A_KEY_ID,A_SCOPE_ID,A1.A_BRAND_CODE,A.A_STORE_CODE-->
<!--        from mc.tableA A ,mc.tableA1 A1-->
<!--        WHERE A.A_BRAND_CODE=A1.A_BRAND_CODE-->
<!--        AND (A1.A_SUB_scope_code='000000' OR A1.A_SUB_SCOPE_CODE='' OR A1.A_SUB_SCOPE_CODE IS NULL OR  A.A_BOH_OPS_MARKET_CODE = A1.A_SUB_SCOPE_CODE)-->
<!--        &#45;&#45;and key_id='f428126d-164d-464f-85b5-8338ba03c38c'-->
<!--        AND A.A_STORE_CODE = #{storeCode}-->
<!--        intersect-->
<!--        select A2.A_KEY_ID,A_SCOPE_ID,A2.A_BRAND_CODE ,A.A_STORE_CODE-->
<!--        from mc.tableA A ,mc.tableA2 A2-->
<!--        WHERE A.A_BRAND_CODE=A2.A_BRAND_CODE-->
<!--        AND (A2.A_SUB_scope_code='000000' OR A2.A_SUB_scope_code='' OR A2.A_SUB_scope_code is null or starts_with(A.A_regionalism_code, A2.A_SUB_SCOPE_CODE))-->
<!--        &#45;&#45;and key_id='f428126d-164d-464f-85b5-8338ba03c38c'-->
<!--        and A.A_STORE_CODE=#{storeCode}-->
<!--        intersect-->
<!--        select A2.A_KEY_ID,A_SCOPE_ID,A2.A_BRAND_CODE ,A.A_STORE_CODE-->
<!--        from mc.tableA A ,mc.tableA2 A2-->
<!--        WHERE A.A_BRAND_CODE=A2.A_BRAND_CODE-->
<!--        AND (A2.A_SUB_scope_code='000000' OR A2.A_SUB_scope_code='' OR A2.A_SUB_scope_code is null or starts_with(A.A_regionalism_code, A2.A_SUB_SCOPE_CODE))-->
<!--        &#45;&#45;and key_id='f428126d-164d-464f-85b5-8338ba03c38c'-->
<!--        and A.A_STORE_CODE=#{storeCode}-->
<!--        INTERSECT-->
<!--        SELECT A3.A_KEY_ID,A_SCOPE_ID,A3.A_BRAND_CODE, A.A_STORE_CODE-->
<!--        from mc.tableA A ,mc.tableA3 A3-->
<!--        WHERE A.A_BRAND_CODE=A3.A_BRAND_CODE-->
<!--        AND A.A_STORE_CODE=#{storeCode} AND-->
<!--        A.A_BRAND_CODE=A3.A_BRAND_CODE AND-->
<!--        (A3.A_103   IS NULL OR A3.A_103 = ''  OR A.A_103    = A3.A_103  ) and-->
<!--        (A3.A_104   IS NULL OR A3.A_104 = ''  OR A.A_104    = A3.A_104  ) and-->
<!--        (A3.A_105   IS NULL OR A3.A_105 = ''  OR A.A_105    = A3.A_105  ) and-->
<!--        (A3.A_A7E37603_DA70_4C6A_B45F_9110CBFB8491   IS NULL OR A3.A_A7E37603_DA70_4C6A_B45F_9110CBFB8491  ='' OR A.A_A7E37603_DA70_4C6A_B45F_9110CBFB8491    = A3.A_A7E37603_DA70_4C6A_B45F_9110CBFB8491  ) and-->
<!--        (A3.A_52EF8E44_3A3F_4FF6_9A13_936AE00F04A5   IS NULL OR A3.A_52EF8E44_3A3F_4FF6_9A13_936AE00F04A5  ='' OR A.A_52EF8E44_3A3F_4FF6_9A13_936AE00F04A5    = A3.A_52EF8E44_3A3F_4FF6_9A13_936AE00F04A5  ) and-->
<!--        (A3.A_A8A4F860_9240_4352_A7C2_0D2CEA2B40E6   IS NULL OR A3.A_A8A4F860_9240_4352_A7C2_0D2CEA2B40E6  ='' OR A.A_A8A4F860_9240_4352_A7C2_0D2CEA2B40E6    = A3.A_A8A4F860_9240_4352_A7C2_0D2CEA2B40E6  ) and-->
<!--        (A3.A_5B23235E_3220_4A21_BA37_98D33BC7893B   IS NULL OR A3.A_5B23235E_3220_4A21_BA37_98D33BC7893B  ='' OR A.A_5B23235E_3220_4A21_BA37_98D33BC7893B    = A3.A_5B23235E_3220_4A21_BA37_98D33BC7893B  ) and-->
<!--        (A3.A_7E637BDB_0EC1_4064_911E_8FA7B0C8E036   IS NULL OR A3.A_7E637BDB_0EC1_4064_911E_8FA7B0C8E036  ='' OR A.A_7E637BDB_0EC1_4064_911E_8FA7B0C8E036    = A3.A_7E637BDB_0EC1_4064_911E_8FA7B0C8E036  ) and-->
<!--        (A3.A_C3B4A097_E056_4A72_9AFC_96AC924D1AE7   IS NULL OR A3.A_C3B4A097_E056_4A72_9AFC_96AC924D1AE7  ='' OR A.A_C3B4A097_E056_4A72_9AFC_96AC924D1AE7    = A3.A_C3B4A097_E056_4A72_9AFC_96AC924D1AE7  ) and-->
<!--        (A3.A_8452B3DE_E608_4EBA_B025_D38138B90BD1   IS NULL OR A3.A_8452B3DE_E608_4EBA_B025_D38138B90BD1  ='' OR A.A_8452B3DE_E608_4EBA_B025_D38138B90BD1    = A3.A_8452B3DE_E608_4EBA_B025_D38138B90BD1  ) and-->
<!--        (A3.A_E4A168DD_4BBD_4909_86F1_70167AA7D538   IS NULL OR A3.A_E4A168DD_4BBD_4909_86F1_70167AA7D538  ='' OR A.A_E4A168DD_4BBD_4909_86F1_70167AA7D538    = A3.A_E4A168DD_4BBD_4909_86F1_70167AA7D538  ) and-->
<!--        (A3.A_530d68fe_58c9_4d3d_af06_40a555558e0e   IS NULL OR A3.A_530d68fe_58c9_4d3d_af06_40a555558e0e  ='' OR A.A_530d68fe_58c9_4d3d_af06_40a555558e0e    = A3.A_530d68fe_58c9_4d3d_af06_40a555558e0e  ) and-->
<!--        (A3.A_0099fd65_bc5d_4b9b_aeb4_7323935031af   IS NULL OR A3.A_0099fd65_bc5d_4b9b_aeb4_7323935031af  ='' OR A.A_0099fd65_bc5d_4b9b_aeb4_7323935031af    = A3.A_0099fd65_bc5d_4b9b_aeb4_7323935031af  ) and-->
<!--        (A3.A_dcfd9dfc_4e0d_489b_bd8a_70b918c98dd1   IS NULL OR A3.A_dcfd9dfc_4e0d_489b_bd8a_70b918c98dd1  ='' OR A.A_dcfd9dfc_4e0d_489b_bd8a_70b918c98dd1    = A3.A_dcfd9dfc_4e0d_489b_bd8a_70b918c98dd1  ) and-->
<!--        (A3.A_1FB29CB2_4B79_490B_B8F3_6FAD9B8EC02E   IS NULL OR A3.A_1FB29CB2_4B79_490B_B8F3_6FAD9B8EC02E  ='' OR A.A_1FB29CB2_4B79_490B_B8F3_6FAD9B8EC02E    = A3.A_1FB29CB2_4B79_490B_B8F3_6FAD9B8EC02E  ) and-->
<!--        (A3.A_2f053a69_689d_4c6a_b81c_64345cc97a30   IS NULL OR A3.A_2f053a69_689d_4c6a_b81c_64345cc97a30  ='' OR A.A_2f053a69_689d_4c6a_b81c_64345cc97a30    = A3.A_2f053a69_689d_4c6a_b81c_64345cc97a30  ) and-->
<!--        (A3.A_19FCC357_9F8E_47E5_9D6E_08FC4D91F753   IS NULL OR A3.A_19FCC357_9F8E_47E5_9D6E_08FC4D91F753  ='' OR A.A_19FCC357_9F8E_47E5_9D6E_08FC4D91F753    = A3.A_19FCC357_9F8E_47E5_9D6E_08FC4D91F753  ) and-->
<!--        (A3.A_4B922B92_2370_45A3_AA5C_CFEF8C084A52   IS NULL OR A3.A_4B922B92_2370_45A3_AA5C_CFEF8C084A52  ='' OR A.A_4B922B92_2370_45A3_AA5C_CFEF8C084A52    = A3.A_4B922B92_2370_45A3_AA5C_CFEF8C084A52  ) and-->
<!--        (A3.A_683272e8_94b1_4dcb_9dfd_eec0057341b4   IS NULL OR A3.A_683272e8_94b1_4dcb_9dfd_eec0057341b4  ='' OR A.A_683272e8_94b1_4dcb_9dfd_eec0057341b4    = A3.A_683272e8_94b1_4dcb_9dfd_eec0057341b4  ) and-->
<!--        (A3.A_638705f5_f77f_4b4c_a153_7af65ba78cae   IS NULL OR A3.A_638705f5_f77f_4b4c_a153_7af65ba78cae  ='' OR A.A_638705f5_f77f_4b4c_a153_7af65ba78cae    = A3.A_638705f5_f77f_4b4c_a153_7af65ba78cae  ) and-->
<!--        (A3.A_48772C9F_2883_4262_BDF1_960D93646D94   IS NULL OR A3.A_48772C9F_2883_4262_BDF1_960D93646D94  ='' OR A.A_48772C9F_2883_4262_BDF1_960D93646D94    = A3.A_48772C9F_2883_4262_BDF1_960D93646D94  ) and-->
<!--        (A3.A_b6808d0c_e1ef_47bc_9727_12e4ed7bafec   IS NULL OR A3.A_b6808d0c_e1ef_47bc_9727_12e4ed7bafec  ='' OR A.A_b6808d0c_e1ef_47bc_9727_12e4ed7bafec    = A3.A_b6808d0c_e1ef_47bc_9727_12e4ed7bafec  ) and-->
<!--        (A3.A_A2546DBC_0B02_4C47_938E_524BE8EE7AE0   IS NULL OR A3.A_A2546DBC_0B02_4C47_938E_524BE8EE7AE0  ='' OR A.A_A2546DBC_0B02_4C47_938E_524BE8EE7AE0    = A3.A_A2546DBC_0B02_4C47_938E_524BE8EE7AE0  ) and-->
<!--        (A3.A_67893f26_82f5_4e5c_8693_88c467e8736c   IS NULL OR A3.A_67893f26_82f5_4e5c_8693_88c467e8736c  ='' OR A.A_67893f26_82f5_4e5c_8693_88c467e8736c    = A3.A_67893f26_82f5_4e5c_8693_88c467e8736c  ) and-->
<!--        (A3.A_c7ee5c16_88a4_433d_be76_f9a1548be054   IS NULL OR A3.A_c7ee5c16_88a4_433d_be76_f9a1548be054  ='' OR A.A_c7ee5c16_88a4_433d_be76_f9a1548be054    = A3.A_c7ee5c16_88a4_433d_be76_f9a1548be054  ) and-->
<!--        (A3.A_31DC2494_0CD2_40B1_A93C_BB0846939CAE   IS NULL OR A3.A_31DC2494_0CD2_40B1_A93C_BB0846939CAE  ='' OR A.A_31DC2494_0CD2_40B1_A93C_BB0846939CAE    = A3.A_31DC2494_0CD2_40B1_A93C_BB0846939CAE  ) and-->
<!--        (A3.A_ba30c165_3140_4436_8cbe_1d1c8e076840   IS NULL OR A3.A_ba30c165_3140_4436_8cbe_1d1c8e076840  ='' OR A.A_ba30c165_3140_4436_8cbe_1d1c8e076840    = A3.A_ba30c165_3140_4436_8cbe_1d1c8e076840  ) and-->
<!--        (A3.A_eb1645f9_d0db_40ca_b01d_48e5a82e2617   IS NULL OR A3.A_eb1645f9_d0db_40ca_b01d_48e5a82e2617  ='' OR A.A_eb1645f9_d0db_40ca_b01d_48e5a82e2617    = A3.A_eb1645f9_d0db_40ca_b01d_48e5a82e2617  ) and-->
<!--        (A3.A_D17A63BC_4FC1_4E40_81BF_F3C5B4623B74   IS NULL OR A3.A_D17A63BC_4FC1_4E40_81BF_F3C5B4623B74  ='' OR A.A_D17A63BC_4FC1_4E40_81BF_F3C5B4623B74    = A3.A_D17A63BC_4FC1_4E40_81BF_F3C5B4623B74  )-->
<!--        INTERSECT-->
<!--        SELECT A4.A_KEY_ID,A_SCOPE_ID,A4.A_BRAND_CODE, A.A_STORE_CODE-->
<!--        from mc.tableA A ,mc.tableA4 A4-->
<!--        WHERE A.A_BRAND_CODE=A4.A_BRAND_CODE-->
<!--        AND A.A_STORE_CODE=#{storeCode} AND-->
<!--        A.A_BRAND_CODE=A4.A_BRAND_CODE AND-->
<!--        (A4.A_103   IS NULL OR A4.A_103   ='' OR A.A_103    = A4.A_103  ) and-->
<!--        (A4.A_104   IS NULL OR A4.A_104   ='' OR A.A_104    = A4.A_104  ) and-->
<!--        (A4.A_105   IS NULL OR A4.A_105   ='' OR A.A_105    = A4.A_105  ) and-->
<!--        (A4.A_A7E37603_DA70_4C6A_B45F_9110CBFB8491   IS NULL OR A4.A_A7E37603_DA70_4C6A_B45F_9110CBFB8491  ='' OR A.A_A7E37603_DA70_4C6A_B45F_9110CBFB8491    = A4.A_A7E37603_DA70_4C6A_B45F_9110CBFB8491  ) and-->
<!--        (A4.A_A8A4F860_9240_4352_A7C2_0D2CEA2B40E6   IS NULL OR A4.A_A8A4F860_9240_4352_A7C2_0D2CEA2B40E6  ='' OR A.A_A8A4F860_9240_4352_A7C2_0D2CEA2B40E6    = A4.A_A8A4F860_9240_4352_A7C2_0D2CEA2B40E6  ) and-->
<!--        (A4.A_7E637BDB_0EC1_4064_911E_8FA7B0C8E036   IS NULL OR A4.A_7E637BDB_0EC1_4064_911E_8FA7B0C8E036  ='' OR A.A_7E637BDB_0EC1_4064_911E_8FA7B0C8E036    = A4.A_7E637BDB_0EC1_4064_911E_8FA7B0C8E036  ) and-->
<!--        (A4.A_C3B4A097_E056_4A72_9AFC_96AC924D1AE7   IS NULL OR A4.A_C3B4A097_E056_4A72_9AFC_96AC924D1AE7  ='' OR A.A_C3B4A097_E056_4A72_9AFC_96AC924D1AE7    = A4.A_C3B4A097_E056_4A72_9AFC_96AC924D1AE7  ) and-->
<!--        (A4.A_8452B3DE_E608_4EBA_B025_D38138B90BD1   IS NULL OR A4.A_8452B3DE_E608_4EBA_B025_D38138B90BD1  ='' OR A.A_8452B3DE_E608_4EBA_B025_D38138B90BD1    = A4.A_8452B3DE_E608_4EBA_B025_D38138B90BD1  ) and-->
<!--        (A4.A_E4A168DD_4BBD_4909_86F1_70167AA7D538   IS NULL OR A4.A_E4A168DD_4BBD_4909_86F1_70167AA7D538  ='' OR A.A_E4A168DD_4BBD_4909_86F1_70167AA7D538    = A4.A_E4A168DD_4BBD_4909_86F1_70167AA7D538  ) and-->
<!--        (A4.A_530d68fe_58c9_4d3d_af06_40a555558e0e   IS NULL OR A4.A_530d68fe_58c9_4d3d_af06_40a555558e0e  ='' OR A.A_530d68fe_58c9_4d3d_af06_40a555558e0e    = A4.A_530d68fe_58c9_4d3d_af06_40a555558e0e  ) and-->
<!--        (A4.A_0099fd65_bc5d_4b9b_aeb4_7323935031af   IS NULL OR A4.A_0099fd65_bc5d_4b9b_aeb4_7323935031af  ='' OR A.A_0099fd65_bc5d_4b9b_aeb4_7323935031af    = A4.A_0099fd65_bc5d_4b9b_aeb4_7323935031af  ) and-->
<!--        (A4.A_dcfd9dfc_4e0d_489b_bd8a_70b918c98dd1   IS NULL OR A4.A_dcfd9dfc_4e0d_489b_bd8a_70b918c98dd1  ='' OR A.A_dcfd9dfc_4e0d_489b_bd8a_70b918c98dd1    = A4.A_dcfd9dfc_4e0d_489b_bd8a_70b918c98dd1  ) and-->
<!--        (A4.A_1FB29CB2_4B79_490B_B8F3_6FAD9B8EC02E   IS NULL OR A4.A_1FB29CB2_4B79_490B_B8F3_6FAD9B8EC02E  ='' OR A.A_1FB29CB2_4B79_490B_B8F3_6FAD9B8EC02E    = A4.A_1FB29CB2_4B79_490B_B8F3_6FAD9B8EC02E  ) and-->
<!--        (A4.A_19FCC357_9F8E_47E5_9D6E_08FC4D91F753   IS NULL OR A4.A_19FCC357_9F8E_47E5_9D6E_08FC4D91F753  ='' OR A.A_19FCC357_9F8E_47E5_9D6E_08FC4D91F753    = A4.A_19FCC357_9F8E_47E5_9D6E_08FC4D91F753  ) and-->
<!--        (A4.A_683272e8_94b1_4dcb_9dfd_eec0057341b4   IS NULL OR A4.A_683272e8_94b1_4dcb_9dfd_eec0057341b4  ='' OR A.A_683272e8_94b1_4dcb_9dfd_eec0057341b4    = A4.A_683272e8_94b1_4dcb_9dfd_eec0057341b4  ) and-->
<!--        (A4.A_638705f5_f77f_4b4c_a153_7af65ba78cae   IS NULL OR A4.A_638705f5_f77f_4b4c_a153_7af65ba78cae  ='' OR A.A_638705f5_f77f_4b4c_a153_7af65ba78cae    = A4.A_638705f5_f77f_4b4c_a153_7af65ba78cae  ) and-->
<!--        (A4.A_48772C9F_2883_4262_BDF1_960D93646D94   IS NULL OR A4.A_48772C9F_2883_4262_BDF1_960D93646D94  ='' OR A.A_48772C9F_2883_4262_BDF1_960D93646D94    = A4.A_48772C9F_2883_4262_BDF1_960D93646D94  ) and-->
<!--        (A4.A_b6808d0c_e1ef_47bc_9727_12e4ed7bafec   IS NULL OR A4.A_b6808d0c_e1ef_47bc_9727_12e4ed7bafec  ='' OR A.A_b6808d0c_e1ef_47bc_9727_12e4ed7bafec    = A4.A_b6808d0c_e1ef_47bc_9727_12e4ed7bafec  ) and-->
<!--        (A4.A_A2546DBC_0B02_4C47_938E_524BE8EE7AE0   IS NULL OR A4.A_A2546DBC_0B02_4C47_938E_524BE8EE7AE0  ='' OR A.A_A2546DBC_0B02_4C47_938E_524BE8EE7AE0    = A4.A_A2546DBC_0B02_4C47_938E_524BE8EE7AE0  ) and-->
<!--        (A4.A_67893f26_82f5_4e5c_8693_88c467e8736c   IS NULL OR A4.A_67893f26_82f5_4e5c_8693_88c467e8736c  ='' OR A.A_67893f26_82f5_4e5c_8693_88c467e8736c    = A4.A_67893f26_82f5_4e5c_8693_88c467e8736c  ) and-->
<!--        (A4.A_c7ee5c16_88a4_433d_be76_f9a1548be054   IS NULL OR A4.A_c7ee5c16_88a4_433d_be76_f9a1548be054  ='' OR A.A_c7ee5c16_88a4_433d_be76_f9a1548be054    = A4.A_c7ee5c16_88a4_433d_be76_f9a1548be054  ) and-->
<!--        (A4.A_31DC2494_0CD2_40B1_A93C_BB0846939CAE   IS NULL OR A4.A_31DC2494_0CD2_40B1_A93C_BB0846939CAE  ='' OR A.A_31DC2494_0CD2_40B1_A93C_BB0846939CAE    = A4.A_31DC2494_0CD2_40B1_A93C_BB0846939CAE  ) and-->
<!--        (A4.A_eb1645f9_d0db_40ca_b01d_48e5a82e2617   IS NULL OR A4.A_eb1645f9_d0db_40ca_b01d_48e5a82e2617  ='' OR A.A_eb1645f9_d0db_40ca_b01d_48e5a82e2617    = A4.A_eb1645f9_d0db_40ca_b01d_48e5a82e2617  ) and-->
<!--        (A4.A_D17A63BC_4FC1_4E40_81BF_F3C5B4623B74   IS NULL OR A4.A_D17A63BC_4FC1_4E40_81BF_F3C5B4623B74  ='' OR A.A_D17A63BC_4FC1_4E40_81BF_F3C5B4623B74    = A4.A_D17A63BC_4FC1_4E40_81BF_F3C5B4623B74  )-->
<!--        ) ma-->

<!--        left join-->
<!--        (-->
<!--        select  c.A_STORE_CODE,a.A_key_id,group_concat(A_START_TIME_WITH_DAYPART) day_part-->
<!--        from (select distinct A_BRAND_CODE,A_NORMAL_DATE,A_STORE_CODE,A_DAYPART_CODE,A_START_TIME_WITH_DAYPART from StoreDaypartMealWithTemplate) as c,-->
<!--        KeyExtAttributeValue2 a-->
<!--        where left(A_ATTR_VALUE,1)= c.A_DAYPART_CODE and c.A_BRAND_CODE = a.A_BRAND_CODE-->
<!--        and A_NORMAL_DATE='2021-01-25 00:00:00.000' and c.A_STORE_CODE=#{storeCode}-->
<!--        group by c.A_STORE_CODE,a.A_key_id-->

<!--        ) mb-->

<!--        on ma.A_STORE_CODE = mb.A_STORE_CODE-->
<!--        and ma.A_KEY_ID = mb.A_key_id-->

<!--        left join-->
<!--        (-->
<!--        select  b.a_store_code,a.a_fk_guid as A_key_id,a_pRICE-->
<!--        from KeyPriceInfo  a,StoreMenuInfo as  b-->
<!--        where a.a_PRICE_TYPE_ID=b.a_PRICE_TYPE_CODE-->
<!--        and b.a_store_code = #{storeCode}-->
<!--        ) mc-->

<!--        on ma.A_STORE_CODE = mb.A_STORE_CODE-->
<!--        and ma.A_KEY_ID = mc.A_key_id-->

<!--    </select>-->


    <select id="selectTestData" resultType="java.util.Map">
        select * from xxl_job_group
    </select>
</mapper>