<?xml version="1.0" encoding="UTF-8"?>
<configuration scan="true" scanPeriod="30 seconds" debug="false">
	<contextName>pmpcms</contextName>
	<property name="log.charset" value="utf-8" />

	<springProperty name="applicationName" scope="context" source="spring.application.name" />
	<springProperty name="env" scope="context" source="spring.profiles.active" />

	<!--    <property name="log.pattern" value="%black(%contextName-) %red(%d{yyyy-MM-dd HH:mm:ss}) %green([%thread]) %highlight(%-5level) %boldMagenta(%logger{36}) - %gray(%msg%n)" />-->
	<property name="log.pattern"
			  value="%d{ABSOLUTE} [${applicationName:-}] [%X{X-B3-TraceId:-},%X{X-B3-SpanId:-}] [%thread] %-5level %logger{40} %X{txlog} - %msg%n" />

	<!--输出到控制台-->
	<appender name="console" class="ch.qos.logback.core.ConsoleAppender">
		<encoder>
			<pattern>${log.pattern}</pattern>
			<charset>${log.charset}</charset>
		</encoder>
	</appender>

	<!--普通日志输出到控制台-->
	<!--    <root level="info">-->
	<!--        <appender-ref ref="console" />-->
	<!--    </root>-->

	<!-- INFO -->
	<appender name="infoAppender" class="ch.qos.logback.core.rolling.RollingFileAppender">
		<file>/opt/log/pmp/${applicationName}/info.log</file>
		<rollingPolicy class="ch.qos.logback.core.rolling.TimeBasedRollingPolicy">
			<!-- 文件名称 -->
			<fileNamePattern>/opt/log/pmp/${applicationName}/info_%d{yyyyMMdd}.log
			</fileNamePattern>
			<!-- 文件最大保存历史数量 -->
			<MaxHistory>30</MaxHistory>
		</rollingPolicy>
		<encoder>
			<pattern>${log.pattern}</pattern>
		</encoder>
	</appender>

	<!-- ERROR -->
	<appender name="errorAppender" class="ch.qos.logback.core.rolling.RollingFileAppender">
		<file>/opt/log/pmp/${applicationName}/error.log</file>
		<rollingPolicy class="ch.qos.logback.core.rolling.TimeBasedRollingPolicy">
			<!-- 文件名称 -->
			<fileNamePattern>/opt/log/pmp/${applicationName}/error_%d{yyyyMMdd}.log
			</fileNamePattern>
			<!-- 文件最大保存历史数量 -->
			<MaxHistory>30</MaxHistory>
		</rollingPolicy>
		<encoder>
			<pattern>${log.pattern}</pattern>
		</encoder>
		<filter class="ch.qos.logback.classic.filter.LevelFilter">
			<level>ERROR</level>
			<onMatch>ACCEPT</onMatch>
			<onMismatch>DENY</onMismatch>
		</filter>
	</appender>

	<appender class="ch.qos.logback.core.ConsoleAppender"
			  name="console">
		<encoder>
			<pattern>${log.pattern}</pattern>
		</encoder>
	</appender>

	<logger name="com" level="INFO" />
	<logger name="org" level="INFO" />
	<logger name="com.yum.pmp.modules" level="INFO" />

	<root>
		<level value="INFO" />
		<appender-ref ref="infoAppender" />
		<appender-ref ref="errorAppender" />
		<appender-ref ref="console" />
	</root>
	<!--监控sql日志输出 -->
	<logger name="jdbc.sqlonly" level="OFF" additivity="false">
		<appender-ref ref="console" />
	</logger>

	<logger name="jdbc.resultset" level="OFF" additivity="false">
		<appender-ref ref="console" />
	</logger>

	<!--  如想看到表格数据，将OFF改为INFO  -->
	<logger name="jdbc.resultsettable" level="OFF" additivity="false">
		<appender-ref ref="console" />
	</logger>

	<logger name="jdbc.connection" level="OFF" additivity="false">
		<appender-ref ref="console" />
	</logger>

	<logger name="jdbc.sqltiming" level="OFF" additivity="false">
		<appender-ref ref="console" />
	</logger>

	<logger name="jdbc.audit" level="OFF" additivity="false">
		<appender-ref ref="console" />
	</logger>
</configuration>