<?xml version="1.0" encoding="UTF-8"?>
<beans xmlns="http://www.springframework.org/schema/beans"
       xmlns:xsi="http://www.w3.org/2001/XMLSchema-instance"
       xsi:schemaLocation="http://www.springframework.org/schema/beans
						    http://www.springframework.org/schema/beans/spring-beans-3.2.xsd">

        <!-- ftp连接池配置参数 -->
        <bean id="ftpPoolConfig" class="com.yum.pmp.ftppool.FtpPoolConfig">
            <property name="host" value="${ftp.ip}"/>
            <property name="port" value="${ftp.port}"/>
            <property name="username" value="${ftp.username}"/>
            <property name="password" value="${ftp.password}"/>
            <property name="connectTimeOut" value="${ftp.connectTimeOut}"/>
            <property name="controlEncoding" value="${ftp.controlEncoding}"/>
            <property name="bufferSize" value="${ftp.bufferSize}"/>
            <property name="fileType" value="${ftp.fileType}"/>
            <property name="dataTimeout" value="${ftp.dataTimeout}"/>
            <property name="useEPSVwithIPv4" value="${ftp.useEPSVwithIPv4}"/>
            <property name="passiveMode" value="${ftp.passiveMode}"/>
            <property name="blockWhenExhausted" value="${ftp.blockWhenExhausted}"/>
            <property name="maxWaitMillis" value="${ftp.maxWaitMillis}"/>
            <property name="maxTotal" value="${ftp.maxTotal}"/>
            <property name="maxIdle" value="${ftp.maxIdle}"/>
            <property name="minIdle" value="${ftp.minIdle}"/>
            <property name="testOnBorrow" value="${ftp.testOnBorrow}"/>
            <property name="testOnReturn" value="${ftp.testOnReturn}"/>
            <property name="testOnCreate" value="${ftp.testOnCreate}"/>
            <property name="testWhileIdle" value="${ftp.testWhileIdle}"/>
        </bean>

    <!-- ftp客户端工厂 -->
    <bean id="ftpClientFactory" class="com.yum.pmp.ftppool.FTPClientFactory">
        <constructor-arg ref="ftpPoolConfig"/>
    </bean>

    <!-- ftp客户端连接池对象 -->
    <bean id="ftpClientPool" class="com.yum.pmp.ftppool.FTPClientPool">
        <constructor-arg ref="ftpClientFactory"/>
    </bean>

    <!-- ftp客户端辅助bean-->
    <bean id="ftpClientUtils" class="com.yum.pmp.ftppool.FtpClientUtils">
        <constructor-arg ref="ftpClientPool" />
    </bean>
</beans>